Team,ppda_coef,deep,S,CR,CCOP,CCSP,P,DR,IBS,OBS,TBOX,FKCR,CRN,CRNCR,FKS,ALB,ATB,TOFF,BCS,oppda_coef,deep_allowed,INT,BLK,TKL,FC,AW,BR,DW,AKS,CL,PUNCH,LMT,poss
Bayern Munich,-0.8988500863455772,2.9738057027931433,2.7755925790482285,1.6113778447909983,1.7959068934440068,2.673514348760417,2.3709400691849774,2.120765489866482,3.1882024018295456,0.9872913671499998,3.3970463766566885,0.7399746363027438,3.73146434577738,3.892678622201447,1.5104888663205118,2.1433954757147684,1.2848513929611816,1.4145290244605508,2.468761277824305,5.209414401240216,-2.4143444832986,-0.8414028511335763,-1.9181734023408343,-2.081226374320248,-1.795271285162403,-0.7160875464684148,1.3604790372863789,-0.9481875563483609,0.4073112970555678,-3.0838516465148675,-1.6808981153510703,-0.5962723981058432,2.4748042317933168
Borussia Dortmund,1.3908675830663455,0.8075889386215385,0.11858164060706355,-1.7161946587839203,-0.3054164925881282,-0.1285902281876616,1.8541166790356052,2.3666556818694167,0.6301850471922541,-0.7901672024736865,0.9600623005780063,0.3888226075558282,-0.0903457994045573,-0.3435385575408642,-0.15095965738802794,-0.2140313749593147,1.75080521301683,-0.14878179648895082,2.3692110028046227,1.2458015454797529,-0.9666552333382114,0.2386640246732976,-1.1548033418685433,-1.4697641891336433,-2.1154071940068926,-1.2025028415894619,-0.4036104335322154,-0.7134289958717188,-1.157638169268842,-0.6625329270878807,0.09680964949255846,-0.5962723981058432,1.3796738701702511
RasenBallsport Leipzig,-0.11702940198915075,0.5092477076278442,0.8074363283510694,-0.0680552996464996,0.7650690059565445,0.9342770251374716,-0.233706436151676,0.31757074851163075,1.4701310442373343,-0.6632058760719941,0.8575723160700242,0.8277626434894733,0.6162073366794978,0.7650042558496474,8.111749456663422e-05,-1.100909000454066,1.0984698649389222,1.3493910735876542,1.0750574275487514,-0.11310269026679115,-0.9459739583387772,1.0101403645353502,-1.5364883721046896,1.4207843226575794,0.6537684174979438,1.1883519988360258,1.945090082848353,1.814138171926814,1.5810233967988752,-0.3215021215347831,-1.1475857858979814,0.7083800170211614,-0.10078013720907618
Bayer Leverkusen,-0.2715380748903469,1.0670160960073594,1.3416501678260124,0.20315750628750665,1.1020736999428304,-0.901584594242304,1.9916321081926256,0.7109950557163253,1.4128619989842608,0.7016283827461932,1.2276750379044037,-0.6646334786849206,0.6162073366794978,1.3192756625449025,1.0573665416727287,1.4232811644156105,0.5393252808721443,-0.018505894743159026,1.672359077666846,1.1020212310998487,-0.8425675833416071,-0.22422177924393502,-0.3066143857882204,0.4016806806799054,-0.8668771495133822,-0.3863144650304161,2.79636581585965,0.08475010974887054,1.1897860302177723,-0.5431721451442962,-0.6142734564448928,-1.2485986056693454,1.5621955971074308
Borussia M.Gladbach,2.184873574425541,0.4054768446735158,0.2732224888761264,-0.6000496497478189,0.17035484009839258,0.25790695483965964,0.8820585625062373,-0.2725657122954126,0.34383982092688553,0.06682175073773429,0.17430575268347825,-0.5768454714981919,0.5840912850393135,0.7650042558496474,-0.3020004322706225,0.4378615805325543,0.1665622248276255,0.2420459087484241,0.2786552273912918,2.138307936735455,0.4396714666233089,-1.4144995607453874,-0.1793860423761717,-1.4141767177530429,-1.4751353763179125,-1.4333439985960612,-1.1010411545535197,-2.4193412020019966,-1.157638169268842,-1.0035637326409772,-1.5031273388667072,0.05605380945765902,0.4670652354843653
Wolfsburg,-0.07416970313621814,-0.3209191960067833,-0.2047583148646123,0.609976715188516,-0.4640069368169686,0.4511555463533203,0.008411961629523838,-0.7151680579006939,0.01931523115946796,-0.4410235548690332,-0.21857252126378615,0.03767057880891196,0.1344665620767333,-0.2643569280129702,-0.4530412071532171,3.3334791270196913,-0.1130100672057636,0.04663205612973712,0.9755071525290686,0.5591998893506622,-0.490985908351227,1.2305621759245071,-0.4762521770042851,-0.6730104326783699,-1.0589586948200764,0.14132246527038148,0.3758709605504185,-0.2752130163153165,-0.7664008026877397,0.2838275583219631,0.8078927554300102,1.3607062245846635,0.5076256192481825
Eintracht Frankfurt,0.16308916601071152,-0.3598332696146562,-0.1907000559310612,0.6621330240219779,-0.7811878252746496,1.127525616651132,-0.7420573117084363,0.08807323597555848,0.5347366384371305,-1.3614931712812992,0.21985685690924786,1.1789146722363897,0.39139497519820815,-0.30394774277691755,-1.057204306683595,0.6425256479544206,0.2597529888387552,1.1539772209689672,1.7719093526865282,-0.07727242731487519,0.23285871662896776,0.12845311897871772,-0.13697659457215566,0.6610888804560398,0.12554416790453554,1.8561424887479732,3.6271288806056177,1.704584177037715,0.7985486636366701,-0.3129763513959562,0.2745804259769214,-0.5962723981058432,-0.4861037829653389
Werder Bremen,0.3444404987012104,0.3535914131963514,0.4278633371451892,0.5578204063550529,0.4875357285560735,-0.4184631154581529,0.4001028285649248,-1.4036605955089099,0.6110953654412297,-0.06013957566395808,0.15153020057059344,0.8277626434894733,-0.0903457994045573,0.6462318115578061,-1.057204306683595,0.5818844427923856,-0.299391595228023,-1.712092617438452,0.2786552273912918,1.1359163261219922,0.0053646916351919975,0.7235920097294446,0.11748009225194173,-0.450660547155969,0.2055781451156587,-0.07303003766431773,0.22202594856042607,-1.2846748263648842,-0.7664008026877397,0.5737037430420954,0.2745804259769214,0.05605380945765902,0.2439831247833704
Hoffenheim,-0.7362549830252261,1.3264432533931805,2.4241361057094504,0.4535077886881279,2.271678226130528,1.224149912407962,0.4274755680179807,0.9240998887855352,2.3482564047844647,1.558617335957613,1.6205533118516675,-1.366937536178753,0.3592789235580229,0.7650042558496474,-0.4530412071532171,-0.4338557436716887,-0.019819303194633892,-0.018505894743159026,1.4732585276274812,0.7751417719871654,0.6878467666165179,0.5692967417570347,-0.09456714676813964,-0.04301909036489852,0.7498091901512913,-0.6583772572167648,0.6938173186630726,-0.6195255716810597,-0.3751634361066373,-0.8756771805585659,-0.7920442329292557,0.7083800170211614,0.5684661948939084
Fortuna Duesseldorf,2.444471912304426,-0.5544036376540221,-0.1063505023297547,-0.620912173281204,-0.3847117147025487,0.7410284336238109,-0.45822807285591205,-0.944665570436766,-0.0570434958446306,-0.15536057046522664,-0.6000630191546075,-0.3134814499380043,-0.7326668322082449,-0.3435385575408642,-0.15095965738802794,1.6582658344184942,0.07337146081649581,-1.060713108709493,0.3782055024109742,-0.16796121027013097,0.35694636662557205,1.1644356325077605,0.24470843566398975,1.087259494373976,0.3016189177690053,0.2897203519174802,-0.2600217556748873,0.3508098116224003,-0.9620194859782909,0.3861367999878928,2.2300589673049136,0.05605380945765902,-1.1350699231864148
Hertha Berlin,0.4490799005874405,-0.15229154370599934,-0.4859234935356349,-0.7147935291814371,-0.4045355202311537,0.3545312505964896,-0.20242330534818326,0.10446591544242073,0.15294300341663944,-1.3932335028817229,-0.4007769381668652,-0.5768454714981919,-0.7968989354886133,-0.30394774277691755,-0.4530412071532171,0.5288233882756054,-0.019819303194633892,0.5677356631129044,0.7764066024897036,0.3097373746039511,0.956703341609162,0.17253748125654916,0.4567556746840712,-0.7285979040589701,0.36564609953790295,0.7596469929666277,-0.547199111389541,0.2490811020825231,-0.17954475281608606,0.4969718117926483,-0.9698150094136186,-1.2485986056693454,-0.2833018641462538
Mainz 05,1.244789433065358,0.06822154007194849,0.8074363283510694,0.24488255335427664,0.8047166170137544,-0.03196593243083165,-0.5230753960839855,0.3503561074453552,0.36292950267790997,1.2412140199533837,-0.22426640929200706,0.2132465931823701,-0.6684347289278755,0.0523695900986045,8.111749456663422e-05,0.8926706192478115,-0.1130100672057636,1.0888392700960716,-0.019995597667755587,-0.1041341718656409,0.7912531416136889,0.5031701983402862,0.7536218093121839,-0.8953603182007719,0.09353057702008667,0.3886522763488804,0.5502286408057445,-0.09523145328322204,-0.3751634361066373,-0.253295960424164,-0.25873190347616704,-0.5962723981058432,-0.6280651261387004
Freiburg,1.511865526508978,-0.839773510778425,-0.06417572552910059,-0.7982436233149771,-0.22612127047370825,-0.3218388197013222,-0.4285742717817676,-0.8790948525693172,-0.5533752213712693,0.7968493775474618,-0.8961451966221112,0.1254585859956407,-0.5078544707269543,-0.2643569280129702,0.1511218923771612,0.9608919750551004,-0.6721546512725416,-0.9304372069637016,-0.41819669774648494,0.02631747463249711,0.8946595166108592,-0.003799967854776546,0.7960312571161999,0.16080163803063674,0.013496599808964522,-0.2296722513473669,-1.3471931737375085,-0.46301986469663103,0.016073930474465238,1.3239715152589089,0.4523512024612843,-1.2485986056693454,-0.9322680043673296
Schalke 04,0.3776754934394994,-0.4895468483075667,-0.1063505023297547,-0.8608311939151321,-0.5829497699885992,3.156635827544568,-0.5784726068818374,1.2191681191890564,0.01931523115946796,-0.31406222846734183,0.12875464845770865,2.5835227872240547,-0.2830421092456637,0.7650042558496474,8.111749456663422e-05,-0.2974130320571111,-0.3925823592391527,0.6980115648586956,-0.11954587268743805,-0.5413165154432612,-0.4496233583523583,1.2305621759245071,0.5839840180961192,1.4763717940381784,0.5417208494023728,0.009413232695181585,1.186121357031053,1.2898440535289766,-0.3751634361066373,-0.5858009958384337,0.4523512024612843,-0.5962723981058432,-0.6280651261387004
Augsburg,0.3686876185725286,-0.3079478381374922,0.3153972656767796,-0.1097803467132696,0.13070722904118262,0.4511555463533203,-0.5416497549985595,-1.3708752365751855,0.3820191844289345,0.06682175073773429,-0.5602058029570588,-0.3134814499380043,-0.7968989354886133,-0.4623110018327049,0.1511218923771612,0.2104570611749256,-0.6721546512725416,1.2191151718418631,-0.11954587268743805,0.09712180199533817,1.2462411916012393,2.4649243197037927,1.262535182960378,0.4943264663142381,0.6377616220557193,0.5370501629959791,1.206634025296384,-0.3534658698075299,-0.3751634361066373,0.2241471673501719,-0.9698150094136186,0.7083800170211614,-0.648345318020609
VfB Stuttgart,1.355266014579244,-0.6841172163469326,-0.4437487167349816,1.0898147564563725,-0.2855926870595232,-0.03196593243083165,-0.6087781398477213,-0.9610582499036284,-0.4388371308651217,-0.31406222846734183,-0.6854713395779258,0.476610614742557,-0.02611369612418884,0.6066409967938594,-0.3020004322706225,-0.2140313749593147,-0.5789638872614119,0.04663205612973712,-0.7168475228055323,-0.03448464585588231,1.1221535416046349,0.5252123794792019,0.4143462268800545,-0.02448993323803289,-0.8188567631867089,1.0069768040451266,-0.7625821281755344,0.4760143772099452,0.9941673469272212,1.1449303423435329,0.6301219789456473,2.6653586397116684,-0.648345318020609
Hannover 96,2.749959563051636,-0.6322317848697685,-0.7811469311402086,-1.05902516748229,-0.6424211865744139,0.06465836332599903,-0.5393686933774716,-0.33813643016286155,-0.7060926753794657,-0.5997252128711484,-0.9075329726785536,-0.050117428377817436,-0.8932470904091661,-0.026812039429290082,-0.7551227569184062,0.1498158560128915,-0.7653454152836713,-0.5396095017263263,-1.0154983478645798,-0.4063879721249575,2.135536016576906,1.8697854289530655,0.7536218093121839,0.14227248090376887,-0.03452378651770878,0.09185650305468188,-0.024126070623562798,0.17082824859030776,0.016073930474465238,0.4799202715149936,0.4523512024612843,-1.2485986056693454,-0.5266641667291573
Nuernberg,3.612915508744032,-0.748974005693388,-1.1185451455454365,-1.3302379734162966,-1.3957257966614065,0.4511555463533203,-0.7795318954834537,-0.7807387757681433,-1.431500581918399,-0.15536057046522664,-1.3801256790209144,0.8277626434894733,-0.6363186772876912,-0.06640285419323677,0.1511218923771612,-0.6006190578672833,-0.8585361792948009,-0.8001613052179098,-1.2145988979039446,0.09527479338646863,1.1014722666052,-0.4446435906330921,0.5415745702921032,-0.4691897042828346,-0.4987208543422192,0.21552140859393132,-1.5420635222581682,-0.572573859585732,-0.3751634361066373,0.7356933756798163,2.0522881908205504,-0.5962723981058432,-1.1959104988321407
Manchester City,-1.2911151154349552,4.085928964323413,2.4115576635057465,0.8235430745171153,2.1506486765874664,-0.3828646907056361,2.9412397761354967,1.5194129852136915,2.553219303584939,1.2712838077853637,3.9313728163576585,-0.6230496858069965,3.0773110834220465,1.7631095333196756,0.11932383450714153,-0.2032595819371108,1.3142800552804856,1.3939591452375308,2.012925807997338,4.405025554888615,-1.7568976359481678,-1.1082292543941357,-2.114596107959436,-2.057821123212626,-2.0918182323025616,-1.0909874706295075,-0.5768884996683131,-2.098092645560274,1.0559416679663427,-1.8745384610338205,-1.2598620657828423,-1.2485986056693454,2.839847685667672
Liverpool,-0.4486572009822377,2.3334302458776177,1.0530859055057529,0.2355493191419725,0.7671557223279759,-0.29641137344952523,1.8653676295877384,0.3167079759081114,1.3917628770489183,0.10691480118037333,2.1533813599662643,-0.4659553571570604,1.6692757667760687,1.1254890429108475,-0.0158179114404435,0.2579327415320449,1.5644236849945707,0.1700513314678551,2.10199710669916,2.3958513288323378,-1.4423245583251962,-2.0548829285707297,-1.5454166769055344,-0.5491576455672086,-2.2780025371831734,-0.6483972823837727,0.8271496623877339,-1.3559261087551644,1.4059961538546977,-1.1498479992334891,0.4897766290895713,-0.08127802371360465,1.7852777078084234
Chelsea,-0.5558596144257922,1.6951028980993474,1.4555960560242691,-0.03511447301483921,1.9555406958585635,-0.6422246424739699,2.446746778697828,1.710085730591406,1.3576023939155049,1.044089855277072,1.4554305590332524,-1.094332671756805,0.6922716695115138,0.7712554371281648,1.3355995480354026,-0.24395302224321302,3.5655727227072505,0.5197392782591911,0.3205711326627371,0.9044127215880964,-0.7761698057118445,-1.285726818302248,-1.7351431539235018,-0.4165278892906868,-1.9342776666343529,-1.1942585145535125,0.8087962223608569,-0.5717501453384454,-0.34427627558707663,-1.50075074915786,-0.4645717499317451,-0.08127802371360465,2.0083598185094185
Tottenham,-0.8126084682124829,0.4648720096539538,0.5751051017650141,-0.4924429494177269,0.3592026717129987,-0.2099580561934136,1.209931156568942,0.5367149898054729,0.4694298324467834,0.5045042180698818,0.7014399127698531,-0.4659553571570604,0.08882796237752393,-0.6102556254242956,0.3896073264023104,-0.14900166152897515,0.4804679562335361,-0.00479264192781236,0.4096424313645581,1.3119508302172893,-0.5171096241399856,-1.8182195100265808,-0.25527663318335875,-0.23416197441047296,-1.40436849120492,-0.6188912698340567,0.7353824622533516,-0.9428334137409992,1.5810233967988752,-0.14290967336355634,1.2850669449406684,0.5023822672642657,1.359393678288345
Arsenal,-0.7531227820542233,1.9736457407662291,-0.3053858524942418,-0.8471058494852738,0.0931463343554048,-1.8525710840595289,1.0976789136364524,-0.4313158713429205,0.2815471752130157,-1.085853449488153,1.1803258637749847,-1.7227099863565496,0.5198591817589451,-1.1061826735200504,-1.232093624968705,-0.5627183046410115,0.4804679562335361,0.8694272250505269,0.765927626171843,0.4083610779039094,0.4266096087289293,-0.12213167712685015,-0.0276048607617982,-0.5823150846363374,-0.8887811853816892,-0.9508339110183582,0.1021887813261142,-1.2158946867164642,0.8809144250221654,-0.1963079179172654,0.6488346922597905,-0.08127802371360465,1.2377125269968932
Manchester United,-0.4092015280540677,0.9639279360987828,0.4367422375242742,-0.5391091204792462,0.518836474127555,-1.3338511805228606,0.6501277632432796,-0.15264032040626202,0.1961459673794847,0.6181011943240275,0.7574797581002409,-1.094332671756805,0.26124045013009256,0.3815984707672152,0.9301743101926488,0.3257551420422141,0.7306115859476208,0.9277085495157492,0.4987137300663792,0.5266478842251741,0.7041740889844922,-1.2462829152115555,0.35184809327413585,-1.0299405120695937,-0.5880219236514712,0.02286450312225786,-0.6503022597758185,-0.7607925650906899,-0.8693580044196089,-0.04374150490666925,-0.30551368676152585,-0.08127802371360465,0.6698671543034492
Wolverhampton Wanderers,1.2486325657815611,-0.5332398432357051,-0.17960143045720514,-0.6884408678761083,-0.19064709215936254,-0.29641137344952523,-0.1677100066934305,-0.03530324632766842,-0.02589717298769572,-0.3758723478997447,-0.3225608973581422,-0.5445025214820282,0.11756337700295187,-0.14975193790680882,-1.09695187902112,0.8683343461235742,-0.5201065626228037,-0.06307396639303517,0.14242853525909469,0.008944017702552626,-0.18403224783330965,1.6331220104089172,1.1107540013460049,1.2413440641658169,-0.931746794200292,0.937550892163443,1.6805846236374873,0.5765075153788943,-1.5694669761963185,0.26901964176505305,-0.9417459394424036,-0.08127802371360465,-0.5266641667291573
Everton,-0.6910504063209164,-0.21987914523546348,0.05938897141316419,1.1035401008862311,-0.5276517861456484,1.692014923441035,-0.2362276095223526,-0.04997038058749299,0.6060717649804334,-0.8870587410433979,0.5180367825976749,2.361742558541792,0.6922716695115138,1.4088759275369929,-0.0158179114404435,-0.6508874253042322,-0.019819303194633892,-0.29619926425392545,-0.21385665954818975,-0.310538435481996,-0.369075234670352,0.6864683362323228,-1.2797996090803807,0.9097696734745156,-0.6023437932576725,1.4686591180583246,1.3685761431805892,1.5497258985478584,0.8809144250221654,0.26901964176505305,-0.14645562359130632,0.5023822672642657,0.20342274101955315
West Ham,0.366683524799048,0.36041844365387293,-0.6324253497905367,-0.6137749941776779,-0.6872855885602047,0.2223085300871428,-0.2041555401130699,0.815390540742132,-0.3675020043218194,-0.8302602529163255,0.0595289571672296,-2.1154458079813896,-0.08358452537504472,0.5232919130802873,-0.4212431492831971,-0.1693483816820258,0.8973740057570109,-0.17963661532348033,-0.035714062144547365,-0.4474010926310949,1.1667815560770975,0.7653561424137066,0.8451369335208508,1.3076589423040763,-2.048852623483959,-0.3754666662989027,1.4603433433149688,0.24043210248601446,-0.8693580044196089,0.5054975819314762,0.4897766290895713,1.086042558242136,-0.2021810966186193
Leicester,0.18493574187475564,-0.2895148559021839,0.29837937328353353,0.776876903455596,0.07540924519823193,1.3462016544165898,0.020932074286623636,0.8007234064823084,0.008263310145716478,0.7032989265146361,0.2480266187330793,-0.30886102850712377,0.548594596384373,0.87752551886297,-0.15095965738802794,0.2714972216340784,0.7306115859476208,-0.12135529085825797,-0.3029279582500108,-0.1874724545780692,0.4266096087289293,0.3709171115067919,-0.8624013596408534,0.5284591241795202,-1.7624152313599422,0.9154213827511566,0.2948999016083172,1.0876222058201483,-0.5193035185312539,1.1920464404791578,0.1716605027491325,1.086042558242136,0.16286235725573592
Watford,0.08361242715650137,0.5229017685428872,-0.682739118605351,-1.1737690469159083,-0.6163372319315127,-1.8525710840595289,-0.5237099771364685,-0.621988616720635,-0.2650205549215822,-1.1142526935516892,0.4874695942356452,1.497723750967142,-0.3996740862547541,-0.6456789860025637,0.25446558045472595,-0.6508874253042322,-0.6034877725274987,0.8694272250505269,-0.3919992569518318,-0.4582373073952057,0.6301568942496758,0.1934195475986808,0.04828573004538887,0.2631996116264788,-0.5880219236514712,0.5834787415668551,0.4141972617830149,-0.08164016820299501,3.5063230691848264,1.275957967634986,-0.6236298131019646,2.8370234311757474,-0.5266641667291573
Crystal Palace,1.0912089674109202,0.3023886847649393,0.021653644802053017,-1.0711034705805662,0.14635760182692334,-0.901584594242304,-0.5423700902473245,0.6247177953644185,0.2303064505128969,-0.2906746157091352,0.7421961639192257,-0.4659553571570604,0.4049175232572323,0.87752551886297,-0.5563848952307818,-1.4308450311711864,-0.6034877725274987,0.2283326559330784,-0.4810705556536529,-0.7388561993257869,0.5746439981985628,0.528692723869558,0.8451369335208508,1.5066035767188561,-1.2611497951429125,-0.036147521977173115,0.14807238139330658,0.5975122286846999,-0.5193035185312539,1.1462765165759787,1.7622411344513271,-0.08127802371360465,-0.6889057017844251
Newcastle United,0.8535604004286419,-0.6028755539024255,-0.5695331387720183,0.1422169770189339,-0.5276517861456484,-0.5557713252178585,-1.089636220076631,-1.4286810010109632,-0.5212241784221754,-0.43267083602681705,-0.6638945007341399,-0.7015968501319642,-0.2847324277530413,-0.07890521675027276,-0.5563848952307818,-0.040485820712702944,-0.18658172300402384,-0.8790125089061521,-0.8373557504609374,-0.4137530307130029,1.3888331402815488,1.751453719680992,0.5795198656956965,1.1750291860275548,-0.7312406197134801,0.8121503388271519,0.33160678166207114,-0.20066687693588955,0.7058871820779878,2.527002554321872,0.1716605027491325,0.5023822672642657,-1.4392728014150442
Bournemouth,1.7377137912159135,0.5809315274318211,-0.5695331387720183,-0.7817732099991469,-0.6872855885602047,-0.12350473893730204,-0.3228221969274161,-0.5926543482009863,-0.09421813925452067,-1.1426519376152255,0.4110516233305708,-0.3874081928320921,0.002621718501239113,-0.822795788893905,-0.5563848952307818,-2.190455916885089,0.6472303760429259,-0.9955751578365972,0.6768563274700216,-0.3636991681749121,1.5368675297511818,-0.9701755935767158,1.262535182960378,-2.0080849646089307,-1.9199557970281516,0.1630180627334072,-0.9439573002058422,-0.9708396981487399,0.35583269618963304,1.7946837718710114,-0.9417459394424036,1.6697028492200066,-0.4658235910834303
Burnley,0.7717549654881033,-0.4287862772356247,-1.6512791682905323,-0.03511447301483921,-1.8579334729336192,0.04940189557492038,-1.2905240002856837,-1.8100264917663909,-0.7432673187893558,-2.4490171645378966,-0.8422030995126467,0.005327628792748253,-1.462884427395594,-0.9999125917852456,-0.8266683871259509,0.4139242627054356,-0.5201065626228037,1.8602097409593112,-0.4810705556536529,-0.3932159287149365,1.5738761271185902,-1.0096194966674084,3.918705861211917,-0.9802043534658984,-1.6335184049041347,2.626770110634664,-0.44841441948017696,0.4854870910537386,1.5810233967988752,2.2294980489512097,-0.4645717499317451,1.6697028492200066,-1.3378718420055011
Southampton,-0.07410411233222641,-0.27790890412439684,-0.09155233503127964,-0.2777785625347386,-0.4034921620454379,0.4816684818554768,-0.8721292766282223,-0.6806571537599313,-0.4187427290219383,0.4761049740063456,-0.33274996014548497,-0.2303138641821561,0.060092547752095014,0.87752551886297,-0.0158179114404435,-1.6478767128037302,-0.019819303194633892,-0.7624498599757065,-0.4810705556536529,-0.3311796522023012,1.2963116468630271,2.5403317814948196,1.3004804783639714,0.9097696734745156,-0.7742062285320829,0.6056082509791425,0.19395598146049647,-0.01862602828558016,0.1808054532454558,2.1227015598437933,0.9669508186002294,1.086042558242136,-0.9322680043673296
Brighton,0.9527470151114938,-0.8930243483470938,-1.5254947462534956,-0.5484423546915503,-1.2726095307469116,0.3087618473432544,-0.878835254777436,-0.9886669732162384,-1.255674565790541,-1.3982451341870523,-1.01032263550381,0.005327628792748253,-1.003117793388744,-0.6811023465808317,-1.09695187902112,0.12228794051170493,-1.2705374517650585,0.9277085495157492,-0.6592131530572952,-0.1935198761170845,1.684901919220816,0.9034098032311264,1.94555050022506,0.6113527218523455,-0.15836583546544586,1.0481984392248769,-0.1822895390904686,-0.17966216363008586,-1.2194124903079635,1.0089667448664428,-0.7826878762721841,1.086042558242136,-1.1959104988321407
Cardiff,2.1486345770613644,-1.009083866124961,-0.9343079626794244,-1.2297684521897312,-1.0775015500180096,0.6545751163676993,-2.0515067380877556,-1.047335510255535,-0.8115882850561802,-0.7734617647892532,-0.34803355432649963,0.7907992720424296,-0.6582928178836066,-0.043481856172003536,-0.9618101330735356,-1.7292635934159344,-0.7702501923368887,0.1700513314678551,-1.0154983478645798,-1.5085086533529963,2.351056671834168,2.2642244598599803,1.0728087059424107,0.18030601395365356,-1.4330122304173218,2.095661884739782,-0.1822895390904686,1.2066489145530428,1.2309689109105204,1.4590376632477011,-0.4645717499317451,0.5023822672642657,-2.209920092927571
Fulham,1.4921855940993711,-0.6841172163469326,-0.4689056011423888,-0.7911064442114509,-0.01327620058763289,-0.0370514216811912,0.18828996374960816,0.33137511016793497,-0.8969894928897113,0.4193064858792733,-0.8676757564810049,-2.4296344652812625,-0.8594407202616041,-1.1061826735200504,-1.3672353709162892,-0.2168240620391452,-0.4367253527181088,0.9277085495157492,-0.7482844517591163,-0.056666497255796026,1.9439621007926748,0.31175125687075445,0.9589728197316304,-0.7812597190511179,-0.7312406197134801,0.4138191694059904,0.5243179019442716,-0.4317187232997453,1.0559416679663427,1.3827544567424033,2.3984733871322046,-1.2485986056693454,-0.16162071285480092
Huddersfield,0.1972487163499539,-1.1251433839028282,-1.1481414801423857,0.6835445613325574,-1.0065531933893177,-0.0370514216811912,-0.43944790387026206,-1.48734953805026,-1.153193116390304,-0.6598647885351074,-0.9695663843544372,0.8693464363673973,-0.8307053056361753,-0.3977154619546862,-0.6915266411783663,0.4749644231645884,-1.1871562418603636,-0.6458872110452614,-1.81714003618097,-0.30066517927814723,0.8522084784541264,2.224780556769288,0.4277386840813229,1.0258207102164698,-0.7742062285320829,1.225234514523171,0.616085102078654,0.3874650956266497,-0.34427627558707663,-1.004909906873423,1.1260088817704492,-0.6649383146914749,-0.5875047423748821
Barcelona,-1.1218070231904151,2.1709469209886025,0.8644092724501977,-2.8164182682813856,0.7848928114851494,-2.371290987596196,2.5581243288282463,1.6367500592922852,0.793954422214201,0.6465004383875637,1.6235500950244155,-1.015785507431837,0.4049175232572323,-1.9209199668202197,4.038434466987096,1.1870996285213726,3.4821915128025562,1.6270844430984208,1.7457119118918754,1.0035124153871549,-1.0907428833348165,-0.5362926595791111,-0.672674882622886,-1.7594041715904558,-0.9174249245940916,-1.7179902373109648,-0.12722921900984024,-0.8098035628042344,-0.6943307614754315,-2.1644146457539533,-0.7826878762721841,-0.6649383146914749,2.3125626967380484
Atletico Madrid,-0.4118484811252317,0.2559648776537927,-0.5946900231794254,-0.9871043626698311,-0.3502808945739188,0.4816684818554768,0.15884197274653974,0.4047107814670559,-0.6920265940892371,-0.17707763945498947,0.0748125513482442,-0.2303138641821561,0.7497424987623696,0.7712554371281648,0.11932383450714153,-0.5627183046410115,0.8139927958523159,0.34489530486352304,0.14242853525909469,-0.27843956797178643,-0.7391612083444362,0.8836878516857802,-0.9382919504480398,2.335539553447109,0.02781846941516579,-0.0066415094274576226,0.23983958152768886,1.2416567700627188,-0.8693580044196089,-0.09713974946037728,-0.6236298131019646,-0.6649383146914749,-0.14134052097289346
Real Madrid,-1.1628914946541171,1.2888945858768113,1.292076307376122,0.6182119218464311,1.6185360018722774,0.5681217991115884,1.7405781231588924,1.7980885361503507,1.494244326449155,0.44770572994280944,1.7967641624092507,0.5551577790675253,0.8646841572640824,-0.5039855436894909,-0.15095965738802794,2.760579320357314,0.5638491661382309,2.2098976877506478,0.8549989248736636,0.6111016930439546,-1.1462557793859285,-0.8912877873953333,-1.5454166769055344,-0.30047685254873274,-0.4018376187708606,-1.4376831180886662,-0.5860652196817516,0.05839125383570507,-0.1692490326428992,-1.8363968577811716,-1.4189201289530615,-0.08127802371360465,1.5824757889893373
Valencia,0.2453245907056879,0.5577196238762476,-0.17960143045720514,0.1795499138681491,-0.01327620058763289,0.3952151645993652,-0.2525552084943509,0.008698156451804308,0.11074475954595364,-0.6030663004080351,0.2836883384887802,-0.4659553571570604,0.14629879162837986,0.13363494671933662,-0.2861014033356127,0.14941690071577274,0.7306115859476208,0.05348868253740996,0.4096424313645581,-0.6728789131782867,-0.27655374125183085,-0.023521919400122816,0.04828573004538887,-0.748102279981988,-0.15836583546544586,-0.5598792447346258,0.04712846124548583,-0.3827077255862008,-1.0443852473637862,0.200364755910284,-0.4645717499317451,-0.6649383146914749,-0.4455433992015228
Sevilla,-0.5552198532191929,1.0567755503210772,0.4870560063390885,1.084873632461623,0.5897848307562475,-1.4203044977789718,-0.03388200797651382,0.27270657312863866,0.8110346637809077,-0.2338761275820628,0.9714500766344488,-0.7801440144569325,0.9221549865149384,0.20448166787587388,-1.232093624968705,0.24436826143001056,1.0641364255664008,2.151616363285425,1.5675693144882326,-0.5406678734751602,-0.3505709359866479,-1.0490633997580996,-0.1793860423761717,-0.7315235604474236,0.8871306457872167,-0.10991255335146233,0.4692575818636433,-0.2286731613436303,-0.1692490326428992,-0.18105127661620535,-0.4645717499317451,0.5023822672642657,0.2845435085471877
Getafe,-1.207780126892673,-0.5100279396801317,-1.1355630379386823,-0.5391091204792462,-1.219398263275393,0.13585521283103194,-1.8710284565937008,-0.4753172741223932,-0.4358229705886444,-1.8526330392036336,-0.3938843368695448,0.7122521077174613,-0.945646964137888,-1.8146498850854151,-0.9618101330735356,0.4071420226544184,-0.019819303194633892,1.6270844430984208,-0.3029279582500108,-1.5855221236114077,-0.6281354162422109,0.6864683362323228,-1.4315807906947542,-0.6486299627745983,2.4052488240445085,1.2842465396226015,0.7812660623205441,1.0176064948007983,1.4059961538546977,0.5054975819314762,2.557531450302424,-0.6649383146914749,-1.4189926095331356
Espanyol,-0.8306065925985278,0.12829940809813853,-0.2047583148646123,-1.4164331364358085,-0.04875037890197858,-1.4203044977789718,-0.16566905682193078,-0.2846445287446792,-0.4358229705886444,0.3625079977522009,-0.4142624624442312,-1.4085213290566772,-0.45714491550561,-1.3895695581461964,0.6598908182974799,0.22402154127695995,1.147517635471096,0.5780206027244144,-0.12478536084636838,-0.5893929696221909,0.20455802452447866,-0.18129753176288765,0.5795198656956965,0.21346345302278447,0.8155212977562122,-0.5598792447346258,-1.0724313803939758,-0.17966216363008586,-1.3944397332521412,0.7801171253505484,-0.4645717499317451,-1.2485986056693454,-0.08049994532716756
Athletic Club,-1.3678495776167787,-0.103819627457596,-1.3116612287905334,0.29154872441579593,-0.9888161042321448,0.04940189557492038,-0.4094167843324796,-0.6806571537599313,-0.5041439368554688,-2.1082262357754606,-0.3225608973581422,0.8693464363673973,-1.0893240372650288,-0.9290658706287096,-1.907802354706628,0.3867953025013678,-0.019819303194633892,-0.00479264192781236,-0.5701418543554743,-0.23060205488585295,-0.8316827017629574,0.6470244331416317,-0.9762372458516336,-0.002059900926562573,1.517292908460055,1.985014337678348,0.01042158119173193,1.7387683183001024,0.8809144250221654,-0.14290967336355634,0.6488346922597905,1.086042558242136,-0.06021975344525781
Real Sociedad,-0.8004670735916362,-0.4171803254578376,-0.7959450984386837,-0.641774696814589,-0.5808630536171671,-0.4693180079617477,-0.020178487410729768,1.0793989574189673,-0.6578661109558248,-0.7166632766621799,-0.5416257472860211,1.0264407650173333,-0.3709386716293261,-0.1143285773285408,-0.5563848952307818,-0.2846464625493152,0.313705536424146,1.0442711984461948,-0.035714062144547365,-0.6693078225635934,-0.4060838320377603,0.13425369296264333,-0.36911251939413897,-1.0299405120695937,0.2569683831143793,0.21465358469541,-0.017108578848581017,0.9405892126795129,0.35583269618963304,0.0020284189965097976,-0.4645717499317451,-0.08127802371360465,0.34538408419291355
Alaves,-0.35576133057445397,-1.171567191013975,-0.7833666562349805,0.31021519284040416,-0.9178677476034528,-0.29641137344952523,-1.404817193089673,-0.915331301917118,-0.6578661109558248,-0.7166632766621799,-0.8371085681189749,0.7122521077174613,-1.3192073542684533,-1.4958396398810012,-0.5563848952307818,-0.18291286178406016,-1.1871562418603636,-0.9372938333713744,-0.9264270491627588,-1.2478825130925555,0.7411826863519011,-0.556014611124456,-0.06555015616539141,0.031097538142568437,1.1019586898802298,1.4834121243331833,-0.3658239393592331,1.2626614833685244,1.2309689109105204,1.6192323969088265,0.4897766290895713,1.6697028492200066,-1.0945095394225977
Real Betis,-1.0174885770136843,0.12829940809813853,-0.6072684653831295,-0.9871043626698311,-0.4034921620454379,-0.7286779597300816,1.4393922349789925,1.5487472537333398,-0.6578661109558248,-0.2906746157091352,0.3753899035748699,-0.7801440144569325,-0.1410553546259016,-0.8936425100504409,1.4707412939829867,-0.12187270132490732,0.313705536424146,0.2866139803983007,-0.4810705556536529,0.03040954054038687,-0.18403224783330965,-1.1279512059394818,-1.469526086098348,-0.4662640478943833,-0.5593781844390697,-1.570460174562387,-2.008456821764673,-0.2216715902416951,1.2309689109105204,-1.1269630372819002,-0.6236298131019646,2.253363140197877,1.9069588590998752
Eibar,-1.7959822766534408,0.058663697431418124,0.5122128907464957,3.3715160144760654,-0.11969873553067058,2.3836414614899257,-0.5202112059281837,0.11136809627057334,0.9135161131811442,-0.4042715919632809,0.7472906953128975,1.7333652439420464,0.9221549865149384,1.2317591246456516,-0.0158179114404435,2.7334503601532467,-1.0203938220509736,1.0442711984461948,0.3205711326627371,-0.2495246698944947,-0.9797170912325908,-0.989897545122062,-2.49404906199537,-0.06837477906482238,0.6866244713004047,2.4718635447486563,2.6716703850888126,1.8858013114407377,3.5063230691848264,-1.1498479992334891,-0.30551368676152585,1.6697028492200066,0.4062246598386394
Leganes,0.07463647795660536,-0.8698124447915204,-0.9091510782720162,0.4502137060249609,-0.7937081235032424,-0.12350473893730204,-1.0940096840869875,-1.2526753898930731,-0.2650205549215822,-1.625439086695343,-0.7861632541822587,0.7122521077174613,-1.4916198420210218,-1.2124527552548552,-0.8266683871259509,0.5495690637257747,-0.9370126121462786,0.05348868253740996,-1.193640945268222,-0.5542234961023007,-0.7391612083444362,0.2723073537800632,-1.3177449044839742,-0.5823150846363374,0.9587399938182212,1.911249306304059,-0.3015868992651663,0.5064918043595442,0.005778210301278207,0.5817807884367743,2.0803572607917653,-0.6649383146914749,-1.1147897313045063
Levante,-0.5794635810535762,-0.27790890412439684,-0.6198469075868326,-0.20311268883630826,-0.8114452126604152,-1.2473978632667493,-1.0814724205906314,0.9327276148207256,-0.4529032121553505,-0.6030663004080351,-0.3225608973581422,0.08387479311771659,0.31871127938094845,0.5941386342368234,1.6058830399305717,-0.7390565459674537,0.4804679562335361,0.6363019271896366,0.765927626171843,-1.2608476470823562,1.2037901534445064,0.07508783832660587,1.2245898875567849,-1.1957277074152444,0.3858652095701868,-1.4524361243635244,-0.08134561894265034,-1.208893115614529,0.5308599391338107,0.04779834289968885,0.6488346922597905,1.086042558242136,-0.6889057017844251
Villarreal,-0.38183047825532734,0.023845842098058127,0.03423208700575703,-0.7257738047253235,0.16409469098409618,-0.5557713252178585,-0.2228156532239252,0.2140380360893424,0.4352693493133713,-0.6314655444715713,0.2836883384887802,-1.4870684933816456,-0.6582928178836066,-0.5039855436894909,-1.6375188628114583,0.4749644231645884,0.6472303760429259,1.2191151718418631,-0.3029279582500108,-0.2617667760066465,0.6116525955659716,-0.556014611124456,0.8830822289244441,0.4124080874375639,0.6293369928756015,-0.3680901631614746,-1.1366684204880426,-0.38970929668813603,0.35583269618963304,0.261391321114523,-0.14645562359130632,-0.6649383146914749,-0.3035820560281624
Celta Vigo,-0.5134170667853665,-0.40557437368005095,-0.494062485549796,-0.3431112020208661,-0.1374358246878434,-1.1609445460106378,0.14601314498282628,0.6687191981438912,-0.2479403133548761,-0.7166632766621799,-0.4906804333493055,0.3195162860926209,-0.8019698910107473,-0.9290658706287096,0.25446558045472595,-0.1286549413759236,-0.5201065626228037,0.9277085495157492,-0.3029279582500108,-0.12112299675301595,0.33408811531040805,-0.7137902234872222,-0.5208937010085125,-0.15126837673764765,-0.22997518349645024,-0.0656535345268886,-1.1091382604477298,0.4504792355440646,0.8809144250221654,0.16222315265763493,-0.14645562359130632,-0.6649383146914749,0.3048237004290963
Real Valladolid,-0.27872522151855256,-1.055507673236108,-0.9846217314942386,1.0102077587631926,-0.829182301817588,-0.5557713252178585,-0.7345109424356635,-0.6659900195001072,-1.1019523916901857,-0.4042715919632809,-0.9033374762367063,0.476610614742557,0.2899758647555205,-0.4331388225329543,0.5247490723498949,0.2986261818381462,-1.0203938220509736,1.2773964963070852,-1.371783542671864,-0.5857060597575502,0.2415666218918869,-0.6151804657604936,-0.2173313377797649,1.1750291860275548,0.6723026016942044,-0.5525027415971966,-0.19146625910390708,0.14941167816085882,-1.2194124903079635,-0.06662646685825828,-0.4645717499317451,1.6697028492200066,-0.5063839748472486
Girona,-0.2996058151671824,-0.6144815056802121,-1.1732983645497936,0.44088047181265794,-1.237135352432566,-0.0370514216811912,-0.41233242700605055,-0.21130885744555836,-0.8969894928897113,-1.1994504257422978,-0.6944616890961698,0.8693464363673973,-1.5778260858973063,-1.354146197567928,0.11932383450714153,0.18332810097085772,-0.10320051309932894,-0.8207311844409293,-0.4810705556536529,-0.58035336956266,0.5746439981985628,0.2723073537800632,0.2000669116597624,-0.4994214869635121,0.901452515393418,0.6056082509791425,-0.19146625910390708,0.7795530773350092,-0.5193035185312539,0.43684269607670817,-0.4645717499317451,-0.08127802371360465,-0.3035820560281624
SD Huesca,-0.7041647982469993,-0.6841172163469326,-0.26765052588313065,0.6928777955448615,-0.3680179837310916,0.13585521283103194,-1.1301636532392698,-0.26997739448485464,-0.14545886395463895,-0.4042715919632809,-0.2665210520277542,0.005327628792748253,-0.6582928178836066,-0.3977154619546862,-0.15095965738802794,-0.06761478091677077,-0.8536314022415837,1.1608338473766404,-0.3029279582500108,-0.8597854434907762,0.5376354008311546,0.3511951599614456,-0.4450031102013255,1.108714307889295,1.5029710388538535,0.5834787415668551,-0.1822895390904686,0.7515467929272684,-1.2194124903079635,0.7190905601463105,-0.7826878762721841,2.253363140197877,-0.8511472368396953
Rayo Vallecano,-0.943076630939322,-1.1251433839028282,-0.4185918323275745,0.8142098403048112,-0.4389663403597836,0.6545751163676993,-0.6283815491176734,2.9567921426764587,-0.8115882850561802,0.39090724181573705,-0.7606905972139006,0.08387479311771659,-0.1410553546259016,0.0982115861410686,0.25446558045472595,-0.6237584651001643,-0.5201065626228037,-0.17963661532348033,-0.4810705556536529,-1.14477824526786,0.4266096087289293,0.31175125687075445,-1.5833619723091283,0.11399113581539372,1.3311086035794433,-1.0393519486675051,0.19395598146049647,0.5625043731750239,0.1808054532454558,0.5512675058346553,-0.14645562359130632,0.5023822672642657,-0.10078013720907618
Paris Saint Germain,-1.5475160423496566,2.658396895655646,0.8769877146539017,-0.9964375968821352,0.5543106524419006,-0.7286779597300816,2.1630547465593533,1.7834214018905268,1.682126983682923,-0.8018610088527893,1.990356355368772,-1.2514270004067412,1.3531862058963604,0.2753283890324099,1.2004578020878178,-1.6953523931608494,4.732909661372981,1.0442711984461948,3.9724943794374026,1.6185436200208998,-1.8124105319992805,-1.5026682853010505,-0.9762372458516336,0.95950583207821,-0.0008252697972367443,-2.0425563753578366,-0.2648800192114124,-0.6767737118674695,-1.0443852473637862,-2.309352738114019,-1.2598620657828423,-0.08127802371360465,2.1097607779189613
Lille,-0.09707426932462436,-0.3939684219022643,0.08454585582057135,-1.1177696416420857,0.07540924519823193,0.3087618473432544,-0.02221943728222948,0.434045049986704,-0.23086007178817006,0.5897019502604913,-0.4652077763809474,0.7907992720424296,-0.7732344763853194,-0.29144538021988153,0.7950325642450643,-1.4715384714772886,1.0641364255664008,-2.0446389982106044,1.0331415222773064,-0.2336086884280185,-1.257281571488154,-0.6151804657604936,-0.5208937010085125,-0.2838981330141672,0.07078407823376766,-0.8106803514072088,0.04712846124548583,-0.24967787464943586,0.35583269618963304,-0.829458531911238,-1.2598620657828423,-0.6649383146914749,0.2237029329014618
Lyon,-1.2638697365993374,0.3952362989872335,2.2857732414687097,-0.12844681513787784,1.8313810717583527,0.8274817508799224,1.2688271385750798,1.856757073189648,1.904170124050104,1.9528656653102348,1.3739180567345062,-0.30886102850712377,1.0370966450166508,0.7712554371281648,3.768150975091925,-0.9289592673959294,1.2308988453757908,1.1608338473766404,0.4987137300663792,0.5860366139290418,-1.4423245583251962,-1.1673951090301729,0.6554104565028835,-0.06837477906482238,-0.4591250971956637,-0.4418551945357628,-0.23734985917109944,0.5975122286846999,0.1808054532454558,-1.3252993741956745,-0.9417459394424036,0.5023822672642657,1.663596556516974
Saint-Etienne,-0.6699142731055765,-0.3823624701244776,0.08454585582057135,0.7022110297571657,0.004460888569539957,0.13585521283103194,0.12093861799011453,-0.32864593152415195,0.04242379327912925,0.1637132893074457,0.05443442577355784,0.633704943392493,0.9508904011403664,0.9483722400195062,-0.2861014033356127,0.5360045836237413,0.2303243265194511,-0.8207311844409293,0.3205711326627371,-0.01111477563291259,-0.8316827017629574,0.4103610145974831,-0.8244560642372596,0.5118804046449547,-0.2729407923150531,-0.4787377102229074,-0.6319488197489415,-0.3476998700765248,-0.6943307614754315,-0.4175292167826296,0.4897766290895713,0.5023822672642657,0.3048237004290963
Marseille,-1.1727282088767366,-0.5680576985690651,0.4996344485427917,1.2155389114338768,0.14635760182692334,2.124281509721592,0.3667272953721631,0.28737370738846324,0.5548310402803145,0.19211253337098286,0.03915083159254324,1.18353509366727,0.9796258157657952,1.2317591246456516,0.11932383450714153,-0.779749986273555,0.4804679562335361,-1.6949510514192692,-0.035714062144547365,0.4241140616549542,-1.6643761425296468,-0.22074143485357886,-0.7865107688336663,2.2526459557742835,0.4001870791763881,0.19252407528312265,-0.8888969801252113,1.3116724810820688,0.1808054532454558,-1.0888214340292512,-0.14645562359130632,2.253363140197877,0.7104275380672688
Montpellier,-0.06719401971052544,-0.44039222901341135,0.222908720061312,0.4968798770864801,0.0931463343554048,0.7410284336238109,-0.32894504654191525,-0.3726473343036237,-0.23086007178817006,0.9304928790229274,-0.6231382495847672,0.476610614742557,-0.5720865740073228,-0.14975193790680882,1.2004578020878178,1.661856432092561,-0.6034877725274987,-0.9372938333713744,-0.3029279582500108,-0.23194368852875966,-0.9612127925488868,1.3570146887740773,-0.5208937010085125,1.8879141260138517,0.8871306457872167,0.5834787415668551,0.8638565424414878,1.2346551989607837,0.005778210301278207,-0.6082372330458737,1.2850669449406684,-0.6649383146914749,-0.3441424397919797
Nice,-0.2272750530985269,-1.1019314803472549,-0.6324253497905367,-1.873761612838697,-0.4389663403597836,0.5681217991115884,1.0122505833008173,2.5021109806219104,-0.9311499760231235,0.1353140452439095,-0.4499241821999321,-1.094332671756805,-0.5433511593818948,-0.4331388225329543,1.4707412939829867,-0.5423715844879609,-0.5201065626228037,-1.9863576737453819,-1.2827122439700431,0.31272962258530396,-0.25804944256812673,0.7653561424137066,-0.4070578147977322,0.3129357702301731,-0.7025968805010785,-1.127869986316652,-0.2832334592382893,0.7095373663156592,-1.0443852473637862,-0.4251575374331586,0.1716605027491325,-1.2485986056693454,0.9335096487682636
Reims,0.3652540107287645,-0.7537529270136529,-1.072670826920164,-0.5764420573284614,-0.7227597668745503,-1.2473978632667493,-0.8575510632603663,-0.18197458892591015,-0.8628290097562991,-1.0290549613610798,-0.8829593506620195,0.24096912176765264,-0.7732344763853194,-0.3977154619546862,-0.8266683871259509,-0.6101939849981309,-0.18658172300402384,0.2866139803983007,-1.1045696465664008,-0.7611644368831515,-0.9982213899162952,1.416180543410115,-0.29322192858695195,1.9210715650829824,0.8298431673624135,-0.1320420627637487,0.5334946219577101,0.6605263686021147,0.35583269618963304,0.230878038512404,0.1716605027491325,0.5023822672642657,-0.9931085800130544
Nimes,-0.3255354652445246,-0.9162362519026672,0.3612715843020519,0.3755478323265304,-0.2083841813165354,1.0003883853921451,-0.997501911591782,0.4193779157268804,-0.14545886395463895,1.0724890993406084,-0.424451525231574,1.654818079617078,0.31871127938094845,1.1609124034891154,0.7950325642450643,-0.5355893444369437,-0.2699629329087189,-1.9863576737453819,-0.035714062144547365,-0.8333679251975966,-0.7576655070281403,0.43008296614282937,0.04828573004538887,1.3242376618386422,0.1853590350833749,0.2810421129322701,0.16642582142018353,1.2486583411646541,0.35583269618963304,-0.12765303206249734,0.1716605027491325,-1.2485986056693454,-0.6686255099025165
Rennes,-0.4698430239658515,-0.4984219879023447,-0.26765052588313065,-0.30577826517165096,-0.3502808945739188,-1.506757815035083,-0.1405945298292184,0.8593919435216048,-0.5553846615555876,0.3625079977522009,-0.4448296508062604,1.1049879293423015,0.002621718501239113,0.027364864984532524,3.6330092291443408,-0.6915808656103344,-0.18658172300402384,-0.7624498599757065,-0.12478536084636838,-0.08659232393444181,-0.4245881307214644,-0.5954585142151473,0.010340434641795656,0.163727294419088,0.2283246439019777,-0.3459606537491872,-0.1455826590367172,0.39446666672858494,0.8809144250221654,-0.4404141787342186,-1.100804002612623,-0.6649383146914749,0.14258216537382729
Strasbourg,0.15515413375112747,-0.8582064930137333,-1.1229845957349784,0.2355493191419725,-0.9533419259177984,-0.5557713252178585,0.008394810790267451,-0.6659900195001072,-1.1019523916901857,-0.7166632766621799,-1.1274968575582576,-0.8586911787819008,-0.974382378763316,-0.8936425100504409,-1.232093624968705,1.9467105142352756,-0.6034877725274987,-1.8115137003497144,0.2314998339609161,0.23487272429082445,-0.8871955978140698,-0.003799967854776546,0.31390279787054265,0.11399113581539372,0.543405775238396,-0.2943251317871854,-0.31994033929204324,-0.8798192738235844,-0.1692490326428992,-0.6921487602017018,0.4897766290895713,-0.08127802371360465,-0.03993956156335031
Nantes,-0.6859449670505691,-0.7421469752358663,0.3235362576909407,0.2728822559911877,0.19956886929844248,1.1732950199043672,-0.4065011416589081,-0.8126613620983489,-0.5041439368554688,1.5836754924842624,-0.4193569938379029,2.204648229891855,-0.25599701312761336,-0.2205986590633449,0.3896073264023104,-0.74583878601847,-0.8536314022415837,0.11177000700263276,-0.3029279582500108,-0.4990309026734976,-0.8871955978140698,0.23286345068937206,-0.4829484056049193,2.1365949190323272,0.2712902527205796,0.8269033451020091,1.4144597432477817,1.5147180430381837,0.8809144250221654,-0.028484863605609225,0.6488346922597905,-1.2485986056693454,-0.03993956156335031
Angers,1.628893944978083,-0.4752100843467714,-0.4689056011423888,-0.641774696814589,-0.5453888753028213,0.5681217991115884,-0.4744356159531163,-0.18197458892591015,-0.3845822458885255,-0.4042715919632809,-0.5569093414670363,1.3406294223172062,-0.7157636471344635,-0.008058495593735506,-0.15095965738802794,-1.3087647102528808,0.2303243265194511,-1.3452631046279329,-0.21385665954818975,-0.5081634886179082,-0.4801010267725773,0.035643935235914664,-0.36911251939413897,0.5284591241795202,-0.35887200995225776,-0.4123491819860473,-0.19146625910390708,-0.28468573015911,0.8809144250221654,0.261391321114523,-0.9417459394424036,-0.08127802371360465,-1.0539491556587814
Bordeaux,-0.41815672914238505,-0.8233886376803734,-0.8085235406423876,-0.3431112020208661,-0.19064709215936254,-0.9880379114984154,-0.0012268100325171724,0.17003663330986965,-1.4435572230243092,0.532903462133418,-1.0816460750152126,-0.3874081928320921,-0.6582928178836066,-0.14975193790680882,0.25446558045472595,-0.48133142402880796,-0.5201065626228037,-0.8207311844409293,-1.193640945268222,-0.39434672796814185,-0.7761698057118445,-0.556014611124456,-0.1793860423761717,1.25792278370038,1.0160274722430251,-0.0656535345268886,0.9280935825355546,0.8495687883543592,-0.6943307614754315,0.8945419351084956,-0.4645717499317451,-0.6649383146914749,0.04118120596428418
Toulouse,0.0023271416490073357,-0.6492993610135726,-0.7204744452164621,-0.6231082283899807,-0.6340743210886861,0.3087618473432544,-0.4852234938453294,0.5220478555456495,-0.5895451446889998,-0.6882640325986437,-0.4753968391682902,-0.07321953553221942,-0.945646964137888,-0.4685621831112229,-0.15095965738802794,-0.7661855061715216,-0.6034877725274987,-0.29619926425392545,-1.1045696465664008,-0.5514204109853368,-0.38757953335405615,-0.7335121750325672,0.27595750246694944,0.3958293679029984,1.2022117771236358,0.42119567254341933,0.4325507018098919,0.8355656461504889,1.7560506397430524,0.6351790329904823,0.6488346922597905,-0.08127802371360465,-0.26302167226434403
Amiens,-0.4102806891564415,-0.9742660107916008,-1.2990827865868295,-1.0431037679436546,-1.0952386391751825,-0.3828646907056361,-0.7388844064460202,-1.2086739871136007,-1.7168410880916083,-0.09187990726438093,-1.377128895848167,1.1049879293423015,-1.5490906712718784,-1.3895695581461964,-0.15095965738802794,-1.0103461480081328,-0.2699629329087189,-0.5293245621148163,-1.193640945268222,-0.6664646513455965,-0.31356233861923904,-0.4968487564884186,0.807191638117257,-0.25074069394503623,0.6723026016942044,0.3621836474439885,-0.815483220017706,0.1634148203647292,-1.0443852473637862,0.18510811460922494,-1.2598620657828423,-0.6649383146914749,-0.5469443586110659
Monaco,-0.389106996148913,-0.5332398432357051,-0.3053858524942418,0.4875466428741773,-0.5986001427743398,0.3087618473432544,-0.17499911337735813,-0.6806571537599313,-0.3333415211884072,-0.17707763945498947,-0.3989788682632159,0.476610614742557,0.11756337700295187,0.2399050284541419,0.6598908182974799,-1.5393608719874583,-0.6868689824321936,-1.1121378067670424,-1.0154983478645798,-0.24192288682378116,-1.1277514807022244,-0.7137902234872222,-1.2418543136767874,0.6776675999906053,0.7725556889376104,-0.43447869139833467,-0.8063065000042675,-0.0886417393049302,-0.8693580044196089,0.07831162550180787,-0.14645562359130632,-0.08127802371360465,-0.06021975344525781
Dijon,-0.4153695117823492,-0.35915056656890426,-0.4814840433460928,-0.8284393810606662,-0.4212292512026108,0.3952151645993652,-0.4569417599116895,0.15536949905004507,-1.0848721501234797,0.7316981705781732,-0.9135265390240492,-0.07321953553221942,-0.6870282325090356,-0.7873724283156364,0.6598908182974799,0.5427868236747585,-0.8536314022415837,-0.8790125089061521,-0.9264270491627588,-0.3177926243828989,-0.2950580399355349,1.1992390764113112,0.04828573004538887,0.5118804046449547,1.417039821216649,0.2662891066574119,-0.0996990589695248,0.42947452223825894,1.0559416679663427,-0.16579463531514535,-0.14645562359130632,0.5023822672642657,-0.3441424397919797
Caen,0.16022302957046142,-1.531351696125364,-1.9531617811794189,-0.4551100125685118,-1.9466189187194836,-1.3338511805228606,-0.8937050324126485,-0.915331301917118,-2.041365677859026,-1.057454205424616,-1.7388406247988513,1.2620822579922375,-1.8364448175261592,-1.5312630004592689,-0.4212431492831971,1.2006641086234071,-1.0203938220509736,-1.4035444290931556,-1.371783542671864,-0.7734951749902159,-0.11001505309849316,1.2386829795020025,0.8451369335208508,1.108714307889295,1.2165336467298369,0.7900208294148645,-0.6503022597758185,0.9685954970872538,-1.0443852473637862,0.7267188807968404,-1.4189201289530615,-0.6649383146914749,-0.8511472368396953
Guingamp,0.5229307320787472,-0.9162362519026672,-0.9594648470868314,1.0475406956124078,-0.7937081235032424,0.04940189557492038,-0.924319280485146,0.2433723046089905,-1.050711666990067,-0.4610700800903532,-0.4703023077746185,1.654818079617078,0.08882796237752393,0.5232919130802873,-0.4212431492831971,-0.5084603842328759,-1.0203938220509736,-1.1704191312322652,-0.9264270491627588,-0.7866049620211463,-0.054502157047380206,-0.06296582249081402,-0.25527663318335875,0.710825039059734,0.17103716547717362,0.8269033451020091,-0.11805249899640174,1.2416567700627188,-0.34427627558707663,-0.6387505156479928,0.8078927554300102,1.6697028492200066,-0.9322680043673296
Juventus,-0.7254820308715677,0.6969910452096884,1.4933313826353811,1.6355344509875505,1.5653247344007584,1.259748337160479,1.0953463994975954,0.5807163925849458,1.1355592535483252,1.5552762484207263,0.7116289755571965,-0.2303138641821561,1.525598693648929,0.7004087159716287,0.9301743101926488,2.102702035408667,-0.6034877725274987,0.05348868253740996,1.1222128209791271,0.4133077468046013,-1.331298766222971,-0.3982389987616913,0.4277386840813229,-1.1957277074152444,-0.043790878615838615,-1.0098459361177896,-1.0907848204208528,-1.0478569802700253,-0.6943307614754315,-1.4320958633030918,-0.30551368676152585,-1.2485986056693454,0.9943502244139872
Napoli,-0.5302250093677582,1.3237124412101715,2.688283391987228,0.7395439666063808,3.49866745253261,-1.4203044977789718,1.9041456771462348,0.08203382775092519,1.5625652927159794,3.45802560067766,0.7574797581002409,-2.5081816296062307,1.8416882545286373,1.0900656823325794,0.3896073264023104,0.956503466786794,0.8139927958523159,0.6363019271896366,0.3205711326627371,1.4063038894158413,-0.9056998964977738,-1.1476731574848282,-0.4450031102013255,-1.1294128292769845,-0.9174249245940916,-2.1236979098695548,0.7262057422399132,-2.686224618122813,-0.6943307614754315,-1.5160073904589195,-0.6236298131019646,-0.08127802371360465,1.3796738701702511
Atalanta,-1.1523936622274251,1.5906493320992658,1.8832630909501933,0.9822080561262804,1.9555406958585635,0.7410284336238109,1.014291533172317,0.4633793185063532,2.27993543851764,0.4761049740063456,1.8171422879839367,-1.8012571506815178,1.4681278643980722,2.6132701871981117,-0.5563848952307818,-0.17613062173304295,0.14694311661475626,-0.17963661532348033,1.7457119118918754,0.3550867398103595,-1.2202729741207456,0.7456341908683604,-0.9003466550444466,-0.10153221813395114,-0.4161594883770609,-0.4049726788486192,1.6714079036240488,0.2544352446898848,0.005778210301278207,-1.195617923136668,0.3307185659193517,-1.2485986056693454,1.1565917594692583
Inter,-1.063742402205174,0.9407160325432096,1.7952139955242687,3.688845977694396,2.2215970332161583,0.3952151645993652,1.3909925665977108,-0.6513228852402831,1.5625652927159794,1.4132800281030444,1.2007039893496718,0.16242195744268426,3.1635173272983312,2.400730023728504,-1.3672353709162892,0.7869474655113697,-0.10320051309932894,-0.587605886580039,0.2314998339609161,1.177456127160556,-0.702152610977028,-2.173214637842805,-0.5588389964121058,-0.4828427674289466,-0.08675648743444145,-1.14262299259151,-0.5768884996683131,-1.313916682143555,-0.5193035185312539,-1.6151755589158072,-2.05515238163394,-1.2485986056693454,1.3999540620521598
AC Milan,-0.1104231498018894,0.2907827329871527,1.1914487697464926,0.5155463455110884,1.7249585368153155,-0.8151312769861925,0.8469336437093332,0.15536949905004507,0.1961459673794847,2.4356528143903526,-0.11877964161127726,-0.3874081928320921,1.1233028888929348,0.06278822556280056,-0.15095965738802794,0.08159450020560273,-0.4367253527181088,-0.6458872110452614,-0.21385665954818975,0.4354511986204537,-0.6651440136096191,-0.8912877873953333,-0.36911251939413897,-0.03521733999569135,-0.4161594883770609,-1.3786710929892347,-1.0907848204208528,-1.0618601224738955,-0.5193035185312539,-0.12765303206249734,1.4441250081108876,-0.6649383146914749,0.6901473461853601
Roma,0.4850057401534984,0.7666267558764088,1.644272689079824,1.4862027035906884,1.7604327151296617,1.6055616061849238,0.173420186114395,0.3167079759081114,1.8358491577832796,0.6465004383875637,0.8593703859736734,0.476610614742557,1.0658320596420792,0.8066787977064328,-0.6915266411783663,0.4749644231645884,0.3970867463288409,-1.4035444290931556,0.6768563274700216,0.3506566171704206,-0.20253654651701372,-0.08268777403615896,1.3384257737675649,-1.792561610659586,-0.1870095746778474,0.42119567254341933,-0.5768884996683131,-0.5857532875423157,0.005778210301278207,-0.2191928798688544,-1.2598620657828423,-1.2485986056693454,0.20342274101955315
Torino,-1.6103125403516632,-0.12703153101316936,0.34869314209834784,0.5248795797233925,0.4478881174988635,-0.4693180079617477,-0.4686043306059738,0.09670096201074876,0.02534355171242315,0.7600974146417093,-0.14425229857963534,0.476610614742557,-0.25599701312761336,-2.0626134091332933,0.7950325642450643,0.4546177030115369,-0.6034877725274987,0.05348868253740996,-1.1045696465664008,-0.8910218511239023,-0.27655374125183085,0.5878585785055942,-0.06555015616539141,-0.15126837673764765,2.0472020838894864,1.180975495698597,1.561287263462792,1.9068060247465437,-0.1692490326428992,-0.1963079179172654,-0.4645717499317451,-0.6649383146914749,0.20342274101955315
Lazio,-0.20302717000329248,1.2424707787656646,1.5184882670427873,0.4128807691757457,1.9910148741729092,0.2223085300871428,0.3632285241638776,0.18470376756969425,1.2380407029485618,1.3848807840395083,0.9561664824534342,-0.7801440144569325,1.008361230391223,1.1963357640673835,0.25446558045472595,-0.10830822122287297,0.4804679562335361,1.3356778207723083,-0.3029279582500108,0.2215685178327096,-0.6281354162422109,0.23286345068937206,0.6554104565028835,0.19688473348821905,0.4001870791763881,-0.43447869139833467,0.6894988621861617,-0.6627705696636009,-0.1692490326428992,-0.4327858580836886,1.1260088817704492,-0.6649383146914749,0.10202178161001003
Sampdoria,-0.9518347935870632,0.6969910452096884,-0.05381700842016847,-0.5391091204792462,-0.1729100030021897,-1.679664449547306,0.7582981064327701,-0.7833270935787003,-0.6237056278224119,0.8736943908958541,-0.2818046462087688,0.08387479311771659,-0.6582928178836066,-0.6456789860025637,-0.0158179114404435,-1.3562403906099991,-0.2699629329087189,-0.23791793978870315,0.4096424313645581,0.1471485968861607,-0.27655374125183085,-1.0293414482127532,0.12417632085257595,0.047676257677133946,0.2712902527205796,-1.4745656337758108,0.037951741232047365,-1.3349213954493588,1.7560506397430524,-0.2497061624709734,-0.14645562359130632,-0.6649383146914749,0.750987921831086
Bologna,0.4074194618727661,-0.3475446147911172,0.10970274022797853,0.3662145981142264,-0.19064709215936254,0.04940189557492038,-0.7546288768833046,-0.8566627648778212,-0.11129838082122677,0.4761049740063456,-0.3174663659644704,0.005327628792748253,0.4623883525080892,-0.2205986590633449,0.6598908182974799,-0.6305407051511815,-1.1037750319556685,0.5197392782591911,-0.12478536084636838,-0.7657309813251933,0.1490451284733663,-0.8321219327592959,0.8830822289244441,0.7439824781288651,0.6006932536631999,0.5834787415668551,-0.8888969801252113,0.9405892126795129,-0.1692490326428992,0.12408154940498692,0.6488346922597905,-0.6649383146914749,-0.7700264693120596
Sassuolo,-0.2376777110404819,-0.451998180791198,0.2732224888761264,-0.3337779678085621,0.4478881174988635,-0.7286779597300816,0.5419574200537899,0.4047107814670559,-0.5895451446889998,1.6404739806113358,-0.5670984042543792,-0.8586911787819008,-0.16979076925132955,0.7004087159716287,0.11932383450714153,-1.08495078856932,-0.3533441428134137,-0.06307396639303517,-0.12478536084636838,-0.2489883483140223,-0.18403224783330965,-0.812399981213951,-0.3311672239905452,-1.9251913669361052,0.7725556889376104,-1.5557071682875288,-1.4486769009449434,-1.51696224409967,-0.1692490326428992,-0.07425478750878828,0.1716605027491325,0.5023822672642657,0.6293067705396342
Udinese,0.7838568885782838,-0.7421469752358663,-0.3556996213090561,-1.0337705337313503,-0.01327620058763289,-1.1609445460106378,-0.8415150285557254,0.008698156451804308,-1.1702733579570106,1.157686831531218,-0.9033374762367063,-1.2514270004067412,-0.7732344763853194,-1.247876115833123,-1.09695187902112,-0.36603334316151853,-0.4367253527181088,-0.4710432376495934,-0.8373557504609374,-0.9668520537919808,1.1112686600259851,-0.7532341265779134,1.6040428415927184,0.14714857488452476,0.44315268799499,0.22203008783283915,-1.595504421159954,0.36646038232084416,-1.5694669761963185,1.375126136091873,3.51187982932374,-1.2485986056693454,-1.0539491556587814
SPAL 2013,0.0387077456655627,-1.055507673236108,-0.36827806351276016,1.5702018115014231,-0.2083841813165354,0.3087618473432544,-0.10035866093393624,-0.8273284963581731,-0.2991810380549944,-0.3758723478997447,-0.8320140367253033,0.16242195744268426,0.14629879162837986,0.2399050284541419,-0.6915266411783663,-1.2884179900998292,-1.5206810814791436,-2.1612016471410502,-0.7482844517591163,-0.43701329449194337,1.0742600626585763,-0.6546243688511848,0.6554104565028835,-1.0133617925350282,0.35722147035778523,-0.7147858106206328,-2.0543404218318653,-0.8308082761100399,-0.8693580044196089,0.08593994615233788,-0.4645717499317451,-0.08127802371360465,0.08174158972810143
Fiorentina,-0.8758412315140031,-0.21987914523546348,1.1788703275427894,0.7862101376679002,1.3879538428290301,0.9139350681360332,-0.3732628151801969,-0.4019816028232723,0.7768741806474955,1.3848807840395083,0.3295391210318254,0.16242195744268426,1.2957153766455036,1.0546423217543115,-0.6915266411783663,-0.8407901467327078,-0.10320051309932894,-1.5201070780236008,-0.3029279582500108,-0.4144711574146722,-0.6651440136096191,-0.12213167712685015,0.4277386840813229,-0.8309958776548133,1.259499255548439,-0.2648191192374699,-0.44841441948017696,-0.35470144117846003,-0.34427627558707663,0.3147895656682311,0.8078927554300102,-1.2485986056693454,0.08174158972810143
Cagliari,-0.6118886916088453,-0.3939684219022643,-0.6953175608090549,0.916875416640154,-0.7759710343460695,0.9139350681360332,-0.035922957848014164,-2.250040519561116,-0.5212241784221754,-0.7166632766621799,-0.6791780949151552,-0.07321953553221942,-0.02611369612418884,0.5587152736585553,-0.9618101330735356,0.7598185053073009,-0.6034877725274987,-0.9372938333713744,-0.8373557504609374,0.17984379657748245,1.1482772573933937,-1.4435024306650128,0.2380122070633556,-0.6983661213782926,1.417039821216649,1.3137525521723172,-0.5218281795876847,-0.0956433104068654,-0.5193035185312539,-0.06662646685825828,-0.14645562359130632,-0.08127802371360465,-0.1210603290909848
Parma Calcio 1913,1.579752100331516,-1.183173142791762,-1.7141713793090498,-1.7150966312295317,-1.6628254922047168,-1.074491228754527,-1.3016034424452543,-0.7539928250590522,-1.5801991555579586,-1.2562489138693709,-1.412790615603868,-0.30886102850712377,-1.3479427688938816,-1.0707593129417825,-0.15095965738802794,-0.2507352622942301,-0.6868689824321936,0.9859898739809724,0.14242853525909469,-1.0448235308055638,2.1475093863134207,-0.3982389987616913,2.438839340471774,-1.0796766706732892,0.2712902527205796,-0.8106803514072088,-1.852452581536224,-1.6920015216480442,-1.5694669761963185,1.7870554512204824,-0.9417459394424036,-0.6649383146914749,-1.824596447171308
Genoa,-0.029073694746661244,0.058663697431418124,0.5122128907464957,0.916875416640154,0.2882543150843073,1.5191082889288128,-0.9645551493804276,-0.6513228852402831,-0.02589717298769572,1.2144853196582903,-0.18500854972900807,0.5551577790675253,-0.1410553546259016,0.13363494671933662,0.5247490723498949,-0.6915808656103344,-0.5201065626228037,-0.5293245621148163,-0.8373557504609374,-0.7492930368089807,0.4636182060963375,0.17369759605333454,-0.1793860423761717,0.42898680697212943,1.2165336467298369,0.6056082509791425,-0.3841773793861101,0.6815310819079184,-0.8693580044196089,0.10119658745339688,1.1260088817704492,-0.6649383146914749,-1.0742293475406892
Empoli,0.6369782800164867,0.7202029487652617,-0.4311702745312776,-0.5577755889038545,-0.2793325379452268,-1.3338511805228606,0.015392353206838431,-0.04997038058749299,0.05950403484583535,-1.0290549613610798,0.4569024058736153,-2.036898643656422,-0.11231994000047267,-0.29144538021988153,-0.4212431492831971,-0.36603334316151853,-0.019819303194633892,0.1700513314678551,0.3205711326627371,-0.23043402068943106,0.6486611929333799,-1.6801658492091611,0.5415745702921032,-1.5273020981065444,-0.22997518349645024,-1.8360142875098275,-1.0816081004074145,-2.4131633451473484,0.1808054532454558,-0.3565026515783905,0.9669508186002294,1.086042558242136,-0.3644226316738872
Frosinone,0.8730005962407883,-1.055507673236108,-0.4563271589386856,1.1128733350985343,-0.3680179837310916,-0.7286779597300816,-0.8934134681452919,-1.7366908204672706,-0.6237056278224119,-0.006682175073772374,-1.3720343644544948,0.08387479311771659,-0.8881761348870321,-0.822795788893905,0.5247490723498949,-1.0646040684162683,-1.2705374517650585,-0.06307396639303517,-1.2827122439700431,-0.7571134845409583,1.9439621007926748,-0.6743463203965311,1.186644592153191,-1.1957277074152444,1.2308555163360373,-0.28694862864975623,-0.59524193969519,-1.0758632646777642,-1.0443852473637862,0.4292143754261782,-0.9417459394424036,-0.08127802371360465,-1.3987124176512271
Chievo,0.4369135950698049,-0.962660059013814,-1.261347459975719,-0.17511298619939716,-0.7759710343460695,-0.9880379114984154,-0.5689024385768221,-1.9566978343646328,-1.5289584308578403,-0.34747310383620755,-1.4586413981469124,-1.2514270004067412,-1.721503159024447,-1.9563433273984878,-0.8266683871259509,0.4953111433176391,-1.2705374517650585,0.2283326559330784,-1.4608548413736857,-0.17964040532099765,1.2222944521282106,1.0809073671392375,0.5036292748885101,-0.3999491697561236,1.6175459957034608,0.2589126035199837,-0.9531340202192806,-0.7327862806829492,-1.5694669761963185,0.9708251416137936,-0.14645562359130632,-0.08127802371360465,-1.0742293475406892
